{
	"id": "1a71427e9093909c888e730e01a89453",
	"_format": "hh-sol-build-info-1",
	"solcVersion": "0.8.7",
	"solcLongVersion": "0.8.7+commit.e28d00a7",
	"input": {
		"language": "Solidity",
		"sources": {
			"contracts/SimpleStorage.sol": {
				"content": "// SPDX-License-Identifier: MIT // this can give us error in the cmd line if not added.\npragma solidity ^0.8.7; // Their are many versions, but we should select stable version. We can create a range of versions we want to use \n"
			}
		},
		"settings": {
			"optimizer": {
				"enabled": false,
				"runs": 200
			},
			"outputSelection": {
				"*": {
					"": [
						"ast"
					],
					"*": [
						"abi",
						"metadata",
						"devdoc",
						"userdoc",
						"storageLayout",
						"evm.legacyAssembly",
						"evm.bytecode",
						"evm.deployedBytecode",
						"evm.methodIdentifiers",
						"evm.gasEstimates",
						"evm.assembly"
					]
				}
			}
		}
	},
	"output": {
		"sources": {
			"contracts/SimpleStorage.sol": {
				"ast": {
					"absolutePath": "contracts/SimpleStorage.sol",
					"exportedSymbols": {},
					"id": 2,
					"license": "MIT",
					"nodeType": "SourceUnit",
					"nodes": [
						{
							"id": 1,
							"literals": [
								"solidity",
								"^",
								"0.8",
								".7"
							],
							"nodeType": "PragmaDirective",
							"src": "88:23:0"
						}
					],
					"src": "88:139:0"
				},
				"id": 0
			}
		}
	}
}